/*
SQLyog Community v13.1.1 (64 bit)
MySQL - 10.1.23-MariaDB-9+deb9u1 : Database - EBLOCK
*********************************************************************
*/

/*!40101 SET NAMES utf8 */;

/*!40101 SET SQL_MODE=''*/;

/*!40014 SET @OLD_UNIQUE_CHECKS=@@UNIQUE_CHECKS, UNIQUE_CHECKS=0 */;
/*!40014 SET @OLD_FOREIGN_KEY_CHECKS=@@FOREIGN_KEY_CHECKS, FOREIGN_KEY_CHECKS=0 */;
/*!40101 SET @OLD_SQL_MODE=@@SQL_MODE, SQL_MODE='NO_AUTO_VALUE_ON_ZERO' */;
/*!40111 SET @OLD_SQL_NOTES=@@SQL_NOTES, SQL_NOTES=0 */;
CREATE DATABASE /*!32312 IF NOT EXISTS*/`EBLOCK` /*!40100 DEFAULT CHARACTER SET utf8mb4 */;

USE `EBLOCK`;

/*Table structure for table `attd_list` */

DROP TABLE IF EXISTS `attd_list`;

CREATE TABLE `attd_list` (
  `ask_eno` decimal(6,0) NOT NULL,
  `sign_eno` decimal(6,0) DEFAULT NULL,
  `at_no` decimal(8,0) NOT NULL,
  `ask_date` varchar(10) DEFAULT NULL,
  `at_sort` varchar(5) DEFAULT NULL,
  `ask_rsn` varchar(500) DEFAULT NULL,
  `at_sdate` varchar(10) DEFAULT NULL,
  `at_fdate` varchar(10) DEFAULT NULL,
  `at_days` decimal(3,1) DEFAULT NULL,
  `outcome` varchar(5) DEFAULT NULL,
  `sign_rsn` varchar(500) DEFAULT NULL,
  `sign_date` varchar(10) DEFAULT NULL,
  `d_no` decimal(4,0) NOT NULL,
  PRIMARY KEY (`at_no`),
  KEY `FK__attd_list_ask_eno__emp_e_no` (`ask_eno`),
  KEY `FK__attd_list_sign_eno__emp_e_no` (`sign_eno`),
  KEY `FK__attd_list_d_no__dept_d_no` (`d_no`),
  CONSTRAINT `FK__attd_list_ask_eno__emp_e_no` FOREIGN KEY (`ask_eno`) REFERENCES `emp` (`e_no`),
  CONSTRAINT `FK__attd_list_d_no__dept_d_no` FOREIGN KEY (`d_no`) REFERENCES `dept` (`d_no`),
  CONSTRAINT `FK__attd_list_sign_eno__emp_e_no` FOREIGN KEY (`sign_eno`) REFERENCES `emp` (`e_no`)
) ENGINE=InnoDB DEFAULT CHARSET=utf8mb4;

/*Data for the table `attd_list` */

insert  into `attd_list`(`ask_eno`,`sign_eno`,`at_no`,`ask_date`,`at_sort`,`ask_rsn`,`at_sdate`,`at_fdate`,`at_days`,`outcome`,`sign_rsn`,`sign_date`,`d_no`) values 
(2,3,6,'2018-10-11','atd-d','asd','2018-10-05','2018-10-30',26.0,'atd-1',NULL,NULL,1000);

/*Table structure for table `auth` */

DROP TABLE IF EXISTS `auth`;

CREATE TABLE `auth` (
  `au_no` decimal(4,0) NOT NULL,
  `au_scope` varchar(300) DEFAULT NULL,
  PRIMARY KEY (`au_no`)
) ENGINE=InnoDB DEFAULT CHARSET=utf8mb4;

/*Data for the table `auth` */

insert  into `auth`(`au_no`,`au_scope`) values 
(25,'근태신청 승인권한'),
(35,'비품추가신청 승인권한'),
(36,'비품구매신청 승인권한'),
(37,'비품입출신청 승인권한'),
(38,'비품별도추가 권한'),
(39,'비품상태관리및폐기 권한'),
(43,'예산집행 권한'),
(99,'최고관리자 권한');

/*Table structure for table `bg_ex_list` */

DROP TABLE IF EXISTS `bg_ex_list`;

CREATE TABLE `bg_ex_list` (
  `be_no` decimal(8,0) NOT NULL,
  `d_no` decimal(4,0) NOT NULL,
  `ex_eno` decimal(6,0) NOT NULL,
  `ex_sort` varchar(5) DEFAULT NULL,
  `ex_cash` decimal(12,0) DEFAULT NULL,
  `ex_date` varchar(10) DEFAULT NULL,
  `ex_rsn` varchar(500) DEFAULT NULL,
  `outcome` varchar(5) DEFAULT NULL,
  PRIMARY KEY (`be_no`),
  KEY `FK__bg_ex_list_d_no__dept_d_no` (`d_no`),
  KEY `FK__bg_ex_list_ex_eno__emp_e_no` (`ex_eno`),
  CONSTRAINT `FK__bg_ex_list_d_no__dept_d_no` FOREIGN KEY (`d_no`) REFERENCES `dept` (`d_no`),
  CONSTRAINT `FK__bg_ex_list_ex_eno__emp_e_no` FOREIGN KEY (`ex_eno`) REFERENCES `emp` (`e_no`)
) ENGINE=InnoDB DEFAULT CHARSET=utf8mb4;

/*Data for the table `bg_ex_list` */

insert  into `bg_ex_list`(`be_no`,`d_no`,`ex_eno`,`ex_sort`,`ex_cash`,`ex_date`,`ex_rsn`,`outcome`) values 
(1,1231,24,'bg-a',1000000,'2018-10-03','집행했습니다.','bg-1'),
(2,1231,24,'bg-a',1000000,'2018-10-03','철회했습니다.','bg-0'),
(3,1212,198,'bg-b',140000000,'2018-10-03','[결제]Nexacro(소프트웨어)','bg-1'),
(4,1231,24,'bg-a',1000000,'2018-09-01','집행했습니다.','bg-1'),
(5,1231,24,'bg-a',1000000,'2018-10-01','집행했습니다.','bg-1'),
(6,1231,24,'bg-a',1000000,'2018-08-01','집행했습니다.','bg-1'),
(7,1231,24,'bg-a',2000000,'2018-08-01','집행했습니다.','bg-1'),
(8,1231,24,'bg-b',500000,'2018-08-01','집행했습니다.','bg-1'),
(9,1241,197,'bg-b',350000000,'2018-10-04','[결제]Nexacro(소프트웨어)','bg-1');

/*Table structure for table `cmt_list` */

DROP TABLE IF EXISTS `cmt_list`;

CREATE TABLE `cmt_list` (
  `cmt_no` decimal(8,0) NOT NULL,
  `e_no` decimal(6,0) NOT NULL,
  `cmt_date` varchar(10) DEFAULT NULL,
  `cmt_time` varchar(8) DEFAULT NULL,
  PRIMARY KEY (`cmt_no`),
  KEY `FK__cmt_list_e_no__emp_e_no` (`e_no`),
  CONSTRAINT `FK__cmt_list_e_no__emp_e_no` FOREIGN KEY (`e_no`) REFERENCES `emp` (`e_no`)
) ENGINE=InnoDB DEFAULT CHARSET=utf8mb4;

/*Data for the table `cmt_list` */

insert  into `cmt_list`(`cmt_no`,`e_no`,`cmt_date`,`cmt_time`) values 
(1,1,'2018-09-19','08:38:40'),
(24,2,'2018-09-19','16:18:41'),
(25,2,'2018-09-19','16:19:15'),
(26,2,'2018-09-19','16:19:16'),
(27,2,'2018-09-19','16:19:16'),
(28,2,'2018-09-19','16:19:17'),
(29,2,'2018-09-19','16:19:17'),
(30,2,'2018-09-19','16:19:18'),
(31,2,'2018-09-19','16:19:18'),
(32,2,'2018-09-19','16:19:19'),
(33,2,'2018-09-19','16:19:19'),
(34,2,'2018-09-19','16:19:20'),
(35,2,'2018-09-19','16:19:20'),
(36,2,'2018-09-19','16:19:21'),
(37,2,'2018-09-19','16:19:21'),
(38,2,'2018-09-19','16:19:22'),
(39,2,'2018-09-19','16:19:23'),
(40,2,'2018-09-19','16:19:24'),
(41,2,'2018-09-19','16:19:24'),
(42,2,'2018-09-19','16:19:25'),
(43,2,'2018-09-19','16:19:25'),
(44,2,'2018-09-19','16:19:26'),
(45,2,'2018-09-19','16:19:26'),
(46,3,'2018-09-19','17:35:38'),
(47,3,'2018-09-20','13:59:13'),
(48,3,'2018-09-20','14:10:59'),
(49,3,'2018-09-20','17:48:29'),
(50,5,'2018-09-20','17:48:59'),
(51,5,'2018-09-20','18:29:15'),
(52,10,'2018-10-01','08:32:23'),
(53,10,'2018-10-02','08:34:09'),
(54,10,'2018-10-03','08:27:54'),
(55,10,'2018-10-04','08:20:54'),
(56,10,'2018-10-08','08:34:24'),
(57,10,'2018-10-09','08:32:47'),
(58,10,'2018-10-09','18:50:27'),
(59,10,'2018-10-08','18:45:22'),
(60,10,'2018-10-04','18:59:45'),
(61,10,'2018-10-03','19:11:04'),
(62,10,'2018-10-02','19:08:26'),
(63,10,'2018-10-01','19:21:42');

/*Table structure for table `cntr_list` */

DROP TABLE IF EXISTS `cntr_list`;

CREATE TABLE `cntr_list` (
  `e_no` decimal(6,0) NOT NULL,
  `cntr_date` varchar(10) NOT NULL,
  `cntr_sort` varchar(5) DEFAULT NULL,
  `cntr_sal` decimal(9,0) DEFAULT NULL,
  `cntr_sdate` varchar(10) DEFAULT NULL,
  `cntr_fdate` varchar(10) DEFAULT NULL,
  `e_rank` varchar(30) DEFAULT NULL,
  `note` varchar(500) DEFAULT NULL,
  `cntr_state` varchar(5) DEFAULT '진행',
  PRIMARY KEY (`e_no`,`cntr_date`),
  CONSTRAINT `FK__cntr_list_e_no__emp_e_no` FOREIGN KEY (`e_no`) REFERENCES `emp` (`e_no`)
) ENGINE=InnoDB DEFAULT CHARSET=utf8mb4;

/*Data for the table `cntr_list` */

insert  into `cntr_list`(`e_no`,`cntr_date`,`cntr_sort`,`cntr_sal`,`cntr_sdate`,`cntr_fdate`,`e_rank`,`note`,`cntr_state`) values 
(5,'2018-04-01','협상',40000000,'2018-05-01','2019-04-30','30','test!test!!!ㅋㅋㅋ~.~','진행'),
(5,'2018-04-03','협상',40000000,'2018-05-01','2019-04-31','10','test!test!','진행'),
(5,'2018-04-04','협상',40000000,'2018-05-01','2019-04-30','10','test!test!!!','진행'),
(5,'2018-04-05','협상',40000000,'2018-05-01','2019-04-30','10','test!test!!!ㅋㅋㅋ','진행'),
(5,'2018-04-09','협상',40000000,'2018-05-01','2019-04-30','30','test!test!!!ㅋㅋㅋ~.~','진행'),
(5,'2018-04-19','협상',40000000,'2018-05-01','2019-04-30','10','test!test!!!ㅋㅋㅋ','진행'),
(5,'2018-04-27','협상',40000000,'2018-05-01','2019-04-30','10','test!test!!!ㅋㅋㅋ~.~','진행'),
(5,'2018-04-28','협상',40000000,'2018-05-01','2019-04-30','30','test!test!!!ㅋㅋㅋ~.~','진행'),
(5,'2018-04-30','협상',40000000,'2018-05-01','2019-04-30','30','test!test!!!ㅋㅋㅋ~.~','진행'),
(5,'2018-05-01','특채',40000000,'2018-05-01','2019-04-30','10','test!test!!!ㅋㅋㅋ~.~','진행'),
(5,'2018-05-02','특채',40000000,'2018-05-01','2019-04-30','20','test!test!!!ㅋㅋㅋ~.~','진행'),
(5,'2018-05-12','특채',40000000,'2018-05-01','2019-04-30','30','test!test!!!ㅋㅋㅋ~.~','진행'),
(186,'2018-10-13','공채',30000000,'2018-10-13','2019-10-13','0','신입 받아라~~','진행'),
(206,'2018-04-05','특채',50000000,'2018-10-01','2018-10-31','0','test!test!','진행'),
(207,'2018-10-01','특채',50000000,'2018-10-01','2018-10-31','0','test!test!~~','진행'),
(208,'2018-04-01','특채',50000000,'2018-10-01','2018-10-31','0','테스트요~.~','진행'),
(210,'2018-04-05','공채',50000000,'2018-09-01','2018-11-30','0','test!test!@.@','진행'),
(212,'2018-05-01','공채',50000000,'2018-09-07','2018-10-30','0','test!test!ㅋㅋ','진행'),
(213,'2018-04-28','특채',50000000,'2018-10-06','2018-10-30','0','제발~!','진행'),
(214,'2018-09-08','특채',50000000,'2018-08-04','2018-09-08','0','테스트요~.~','진행'),
(215,'2018-09-01','특채',50000000,'2018-10-01','2019-06-29','0','test!test!11','진행'),
(216,'2018-09-01','특채',50000000,'2018-10-06','2018-10-30','0','test!test!11','진행'),
(217,'2018-04-05','특채',50000000,'2018-10-06','2018-10-31','0','test!test!@.@','진행'),
(218,'2018-04-05','특채',50000000,'2018-07-05','2018-10-31','0','test!test!11','진행'),
(219,'2018-04-05','특채',50000000,'2018-09-01','2018-10-31','0','테스트요~.~','진행'),
(226,'2011-01-01','특채',50000000,'2012-01-01','2022-12-31','0','테스트입니다','진행');

/*Table structure for table `comp` */

DROP TABLE IF EXISTS `comp`;

CREATE TABLE `comp` (
  `c_no` decimal(4,0) NOT NULL,
  `c_name` varchar(50) NOT NULL,
  `c_addr` varchar(100) DEFAULT NULL,
  `c_ph` varchar(13) DEFAULT NULL,
  `c_lat` decimal(9,6) DEFAULT NULL,
  `c_lgt` decimal(9,6) DEFAULT NULL,
  PRIMARY KEY (`c_no`)
) ENGINE=InnoDB DEFAULT CHARSET=utf8mb4;

/*Data for the table `comp` */

insert  into `comp`(`c_no`,`c_name`,`c_addr`,`c_ph`,`c_lat`,`c_lgt`) values 
(1,'전자정보통신연구원_ETRI','대전광역시 유성구 가정로 218','042-860-6114',36.381754,127.366019),
(2,'E.BLOCK+','서울특별시 금천구 가산디지털단지로 123 3층 311호 5강의실','02-0000-1111',37.478842,126.878637),
(3,'Want2BIGsoft','서울특별시 구로구 구로3동 187-1','02-0000-1111',37.485789,126.899117);

/*Table structure for table `dept` */

DROP TABLE IF EXISTS `dept`;

CREATE TABLE `dept` (
  `d_no` decimal(4,0) NOT NULL,
  `d_name` varchar(30) DEFAULT NULL,
  `d_ph` varchar(13) DEFAULT NULL,
  `d_addr` varchar(100) DEFAULT NULL,
  `c_no` decimal(4,0) NOT NULL,
  PRIMARY KEY (`d_no`),
  KEY `FK__dept_c_no__comp_c_no` (`c_no`),
  CONSTRAINT `FK__dept_c_no__comp_c_no` FOREIGN KEY (`c_no`) REFERENCES `comp` (`c_no`)
) ENGINE=InnoDB DEFAULT CHARSET=utf8mb4;

/*Data for the table `dept` */

insert  into `dept`(`d_no`,`d_name`,`d_ph`,`d_addr`,`c_no`) values 
(0,'미배정',NULL,NULL,3),
(1000,'본부','02-1026-1000','101호',3),
(1101,'재무부','02-1026-1101','102호',3),
(1200,'사업부','02-1026-1200','103호',3),
(1211,'영업1팀','02-1026-1211','104호',3),
(1212,'영업2팀','02-1026-1212','105호',3),
(1221,'운영1팀','02-1026-1221','106호',3),
(1222,'운영2팀','02-1026-1222','107호',3),
(1231,'마케팅팀','02-1026-1231','108호',3),
(1241,'인사팀','02-1234-1241','109호',3),
(1242,'인사채용팀','02-1234-1242','110호',3),
(1300,'개발부','02-1234-1300','301호',3),
(1311,'개발1팀','02-1234-1311','302호',3),
(1312,'개발2팀','02-1234-1312','303호',3),
(1313,'개발3팀','02-1234-1313','304호',3),
(1314,'개발4팀','02-1234-1314','305호',3),
(1400,'디자인기획부','02-1026-1400','401호',3),
(1411,'제품디자인팀','02-1026-1411','402호',3),
(1421,'디자인기획부','02-1026-1421','403호',3),
(1431,'그래픽디자인팀','02-1026-1431','404호',3),
(8001,'비품관리팀','02-1026-8001','511호',3),
(9001,'운영지원팀','02-1026-9001','501호',3);

/*Table structure for table `emp` */

DROP TABLE IF EXISTS `emp`;

CREATE TABLE `emp` (
  `e_no` decimal(6,0) NOT NULL,
  `d_no` decimal(4,0) NOT NULL DEFAULT '0',
  `e_id` varchar(30) DEFAULT NULL,
  `e_pw` varchar(30) DEFAULT NULL,
  `e_name` varchar(30) DEFAULT NULL,
  `e_jdate` varchar(10) DEFAULT NULL,
  `au_no` decimal(4,0) DEFAULT '0',
  `e_ph` varchar(13) DEFAULT NULL,
  `e_email` varchar(50) DEFAULT NULL,
  `e_addr` varchar(100) DEFAULT NULL,
  `note` varchar(500) DEFAULT NULL,
  `e_bdate` varchar(10) DEFAULT NULL,
  `gender` varchar(1) DEFAULT NULL,
  `e_rank` decimal(2,0) DEFAULT '0',
  PRIMARY KEY (`e_no`),
  UNIQUE KEY `e_id` (`e_id`),
  KEY `FK__emp_d_no__dept_d_no` (`d_no`),
  CONSTRAINT `FK__emp_d_no__dept_d_no` FOREIGN KEY (`d_no`) REFERENCES `dept` (`d_no`)
) ENGINE=InnoDB DEFAULT CHARSET=utf8mb4;

/*Data for the table `emp` */

insert  into `emp`(`e_no`,`d_no`,`e_id`,`e_pw`,`e_name`,`e_jdate`,`au_no`,`e_ph`,`e_email`,`e_addr`,`note`,`e_bdate`,`gender`,`e_rank`) values 
(1,1000,'lantern','fp1026','김동연','2016-01-01',99,'02-317-1700','kimDeaPyo@it.com','서울특별시 중구 퇴계로 100 스테이트타워 남산 24-25층','설립자/대표','1986-07-06','0',50),
(2,1000,'test','123','강승준','2016-06-16',35,'02-6288-6112','susit@pocanniw.mu','경기도 성남시 분당구 판교역로 231 에스동 5층','더미사원1','1967-07-08','1',40),
(3,1000,'rajkef','123','박재진','2016-10-15',25,'02-6322-2660','ikpes@ceslu.id','서울특별시 중구 세종대로 136 서울파이낸스센터 18층','더미사원2','1984-05-18','1',30),
(4,1000,'rouwu','123','정원','2016-11-12',0,'02-2021-3900','ivuliw@obbok.mk','서울특별시 중구 세종대로 136 서울파이낸스센터 25층','더미사원3','1982-02-08','0',20),
(5,1311,'numuphep','aaa','고형권','2016-11-12',25,'02-9958-1991','qwerqwer@asdf.com','일단 어딘가에 살고 있다','기존사원 재계약 테스트','1954-12-26','1',20),
(6,1200,'jipitwe','isa','김용진','2016-06-17',0,'062-239-5000','lu@hagrewpo.mu','광주시 동구 제봉로 225','더미사원5','1956-11-04','1',0),
(7,1211,'luune','besezof','이찬우','2016-12-31',0,'02-2022-6888','himijse@lonute.az','서울특별시 중구 을지로 29 삼성화재빌딩 6층','더미사원6','1971-10-30','1',20),
(8,1212,'punfuc','we','황건일','2016-08-14',0,'02-2073-7114','hoclalgej@pobfe.cg','서울특별시 중구 남대문로 84','더미사원7','1965-02-16','0',40),
(9,1221,'muholzoh','curedej','조규홍','2016-03-19',0,'02-6222-6200','napargek@du.cd','서울특별시 중구 을지로 5길 26, 이스트센터 12층','더미사원8','1967-08-03','1',0),
(10,9001,'wo','lo','박지웅','2016-07-26',35,'02-2020-2340','age@coftepha.sx','서울특별시 종로구 세종로139 동아미디어센터 16층','더미사원9','1993-04-14','0',30),
(11,1231,'hi','fe','민철기','2016-11-12',0,'02-2080-5114','wuwej@cujadca.cf','서울특별시 중구 통일로 120','더미사원10','1976-11-14','0',0),
(12,1241,'waw','onopewir','김만수','2016-07-31',0,'02-6137-0001','sukez@ru.nr','서울특별시 영등포구 국제금융로 10 원아이에프씨 29층','더미사원11','1982-06-28','1',0),
(13,1242,'gimiho','cad','강윤진','2016-05-31',0,'053-755-8760','ehafi@refomo.ml','대구광역시 수성구 달구벌대로 2310','더미사원12','1960-02-03','1',0),
(14,1300,'tep','vob','이복원','2016-05-31',0,'02-739-3916','paz@jaudi.ao','서울특별시 중구 세종대로 136 서울파이낸스센터 4층','더미사원13','1978-09-25','0',0),
(15,8001,'surgibi','poensal','황희정','2016-06-15',39,'02-724-4500','guwzaot@ge.er','서울특별시 종로구 청계천로 41 영풍빌딩 16층','비품상태관리및폐기 권한 보유사원','2000-01-28','1',20),
(16,8001,'fetuk','serunepa','백병갑','2016-07-31',38,'02-2095-3900','zekmoz@ref.sr','서울특별시 중구 소공로 109 한화빌딩 11층','비품입출승인 권한 더미사원','1977-11-05','1',10),
(17,1313,'kug','rajkef','이종수','2016-02-25',0,'02-779-2751','kum@rir.ht','서울특별시 중구 소월로 10 단암빌딩 2층','더미사원16','1990-10-11','1',0),
(18,1314,'onubo','rouwu','이돈일','2016-02-29',0,'02-2007-6700','towravbuh@azopu.uz','서울특별시 강남구 테헤란로 410 금강타워빌딩 13층','더미사원17','1971-12-04','0',0),
(19,1400,'pieg','numuphep','이계문','2016-12-31',0,'02-399-4848','rip@bone.ee','서울특별시 종로구 새문안로 68 흥국생명빌딩 23층','더미사원18','1953-09-14','1',0),
(20,1411,'limva','jipitwe','홍민석','2016-02-29',0,'02-399-6400','weidzaz@si.gi','서울특별시 종로구 청계천로 41 영풍빌딩 4층','더미사원19','1998-10-22','0',0),
(21,1421,'lugwe','luune','이미혜','2016-04-30',0,'02-6364-7000','giguzihi@vuswetev.com','서울특별시 중구 을지로5길 26 미래에셋센터원빌딩 서관 12층','더미사원20','1996-11-28','0',0),
(22,1431,'adiricse','punfuc','정무경','2016-02-29',0,'02-3782-8500','kiurjo@butsazre.km','서울특별시 중구 세종대로 136 서울 파이낸스센터 19층','더미사원21','1977-03-07','1',0),
(23,9001,'ad','wuvoola','손웅기','2016-02-29',0,'02-6730-0100','upis@cikwim.ci','서울특별시 중구 세종대로 136 서울 파이낸스센터 14층','더미사원22','1974-10-07','1',0),
(24,1101,'teigji','uma','배성현','2016-12-31',43,'02-788-1401','hirekuk@mu.vn','서울특별시 중구 세종대로 136 서울 파이낸스센터 27층','더미사원23','1968-06-26','0',30),
(25,1200,'gawocicim','me','김한준','2016-02-29',0,'051-642-3300','awiipi@fombi.cm','부산광역시 남구 문현금융로 30','더미사원24','1995-07-30','1',0),
(26,1211,'rek','bapfe','정유리','2016-02-29',25,'02-2195-7777','ucpuf@oc.im','서울특별시 종로구 종로3길 17 D타워 23층','더미사원25','1995-05-10','1',40),
(27,1212,'un','jol','문경호','2016-10-31',0,'02-2240-2114','pofojus@kilpaced.gq','서울특별시 송파구 오금로 62(신천동 11-6)','더미사원26','1959-12-17','1',30),
(28,1221,'sevibnog','un','정남희','2016-02-29',0,'02-3706-4500','izauge@los.mr','서울특별시 중구 을지로5길 26 미래에셋 센터원빌딩 서관 31층','더미사원27','1974-12-13','0',0),
(29,1222,'ajolomjah','devafe','정기철','2016-05-31',0,'02-756-0505','hi@re.com','서울특별시 중구 세종대로9길 20','더미사원28','1991-02-24','1',0),
(30,1231,'juvesoas','dekho','윤채영','2016-02-29',0,'02-317-1800','hovora@no.bi','서울특별시 중구 세종대로 136 서울파이낸스센터 11층','더미사원29','1992-06-27','0',0),
(31,1241,'ito','lu','김성구','2016-03-31',0,'051-462-3281','ukjuica@silakod.cx','부산광역시 중구 중앙대로 63 4층','더미사원30','1997-11-25','0',0),
(32,1242,'lojakid','va','박창규','2016-07-31',0,'02-2002-3000','foupajuk@dupopepe.mq','서울특별시 중구 소공로 51','더미사원31','1959-09-05','1',0),
(33,1300,'loza','aba','구윤철','2016-10-31',0,'02-3706-3114','ravbigsaz@paj.sn','서울특별시 중구 남대문로7길 16 한컴빌딩 10층','더미사원32','1994-01-11','1',0),
(34,1311,'od','ellavun','안일환','2016-06-23',0,'02-3455-5300','ficru@inu.mg','서울특별시 중구 통일로 92 ACE 타워빌딩 3층','더미사원33','1969-12-18','0',0),
(35,1312,'jibzora','wehkid','최한경','2016-10-20',0,'02-753-0741','dob@cudat.gm','서울특별시 중구 퇴계로 109 2431빌딩 9층','더미사원34','1968-05-16','1',0),
(36,1313,'huwzi','us','진민규','2016-08-31',0,'063-250-7114','vuwcin@elaferdeh.uz','전라북도 전주시 덕진구 백제대로 566','더미사원35','1977-06-07','1',0),
(37,1314,'ra','rec','김명중','2016-04-30',0,'02-758-5700','limera@mi.sk','서울특별시 중구 서소문로11길 35','더미사원36','1961-04-16','1',0),
(38,1400,'ham','dahce','남경철','2016-10-31',0,'064-720-0200','ovgi@vut.gm','제주특별자치도 제주시 오현길 90','더미사원37','1970-10-10','0',0),
(39,1411,'ohuese','guc','김이한','2016-02-29',0,'02-6730-3600','uz@veak.nf','서울시 중구 명동11길 24 중국건설은행타워','더미사원38','1989-02-24','1',0),
(40,1421,'dojigah','idajiku','오은실','2016-04-29',0,'02-755-5688','mo@lo.ge','서울특별시 중구 세종대로73 태평로빌딩','더미사원39','1955-12-02','0',0),
(41,1431,'iru','lit','문성유','2016-06-30',0,'02-3788-3900','ji@liralu.ps','서울시 중구 세종대로 136 서울파이낸스센터 14층','더미사원40','1970-07-12','0',0),
(42,9001,'todvesa','ejjaman','박준호','2016-05-22',0,'02-399-6699','muw@niac.pk','서울특별시 서린동 33번지 영풍빌딩 1층','더미사원41','1990-01-22','1',0),
(43,1101,'raneh','hurbatre','허승철','2016-05-22',0,'02-1588-2588','jasfi@tomajal.nl','서울특별시 중구 을지로 79','더미사원42','1970-11-25','1',0),
(44,1200,'rafmi','vaveko','이병연','2016-10-31',0,'02-3700-9500','dadih@warfical.fj','서울특별시 종로구 종로 1 교보빌딩 21층','더미사원43','1997-01-11','0',0),
(45,1211,'amuk','hisis','박문규','2016-05-31',0,'','vejsiji@wij.je','서울시 종로구 종로1길 50, 비동16층(중학동, 더케이트윈타워)','더미사원44','1999-08-03','1',30),
(46,1212,'us','zereju','안도걸','2016-02-29',0,'02-3707-3800','hu@erpu.se','서울특별시 중구 소공로 109 한화빌딩 14층','더미사원45','1954-03-25','1',20),
(47,1221,'ernusvum','hazasa','신상훈','2016-02-29',0,'02-732-0277','ne@uk.ls','서울특별시 종로구 종로 1 교보빌딩 22층','더미사원46','1954-01-10','1',0),
(48,1222,'howile','puzsu','이상영','2016-02-29',0,'02-787-4000','bimfobsa@jeoleoz.bn','서울특별시 영등포구 은행로 14','더미사원47','1994-07-11','0',0),
(49,1231,'hiso','jitba','육현수','2016-02-29',0,'02-3702-3114','redum@lis.sc','서울특별시 종로구 종로 47','더미사원48','1956-03-09','1',0),
(50,1241,'ameevebe','muvas','조인철','2016-02-29',0,'02-3455-2114','nukibu@welejpu.lr','서울특별시 중구 청계천로 24 한미은행빌딩','더미사원49','1979-01-09','0',0),
(51,1242,'nu','fawbude','장윤정','2016-05-31',0,'02-2002-1111','ef@zej.cw','서울특별시 중구 을지로 66','더미사원50','1978-06-29','0',0),
(52,1300,'cu','sak','이상원','2016-08-31',0,'02-3700-3100','kec@zo.tk','서울특별시 종로구 종로 1 교보빌딩 22층','더미사원51','1957-01-28','1',0),
(53,1311,'jewuvo','zitpis','박창환','2016-06-30',0,'02-2004-0123','legjeak@vigece.ru','서울특별시 중구 칠패로 37 HSBC빌딩','더미사원52','1995-02-24','1',0),
(54,1312,'zo','vu','이주현','2016-02-29',0,'02-720-9810','pimorifo@to.pg','서울 종로구 종로 1 교보생명빌딩 20층','더미사원53','1984-10-11','0',0),
(55,1313,'jefelu','jewhovud','류형선','2016-02-29',0,'02-6386-8046','saaji@asa.fo','서울 중구 남대문로5가 6-1 와이즈타워 8층','더미사원54','1988-06-05','1',0),
(56,1314,'jahbumuz','ko','윤병태','2016-02-29',0,'02-3788-3700','basezkug@ibgur.ir','서울 종로구 서린동 영풍빌딩 23층','더미사원55','1966-11-27','1',0),
(57,1400,'iv','kefiud','강대현','2016-02-29',0,'051-669-8000','ogazzi@rumwo.bs','부산광역시 부산진구 새싹로1(부전동) 부산은행 부전동별관 4층','더미사원56','1958-02-12','1',0),
(58,1411,'kema','fowge','박정민','2016-02-29',0,'02-2206-1800','lafsuze@zu.cd','서울시 중구 세종대로 136 SFC 20층','더미사원57','1963-10-18','0',0),
(59,1421,'zon','medar','오기남','2016-02-29',0,'02-908-2011','kutut@wosda.cn','서울시 도봉구 해등로 166','더미사원58','1972-05-07','1',0),
(60,1431,'sewek','wum','김우중','2016-02-29',0,'02-6292-4002','ap@wo.fr','서울시 영등포구 국제금융로10 IFC3 44층','더미사원59','1961-07-08','0',0),
(61,9001,'bisvowe','ko','장승대','2016-02-29',0,'02-3787-2114','govijzek@kufes.sy','서울특별시 영등포구 국제금융로 2길 32','더미사원60','1972-12-13','0',0),
(62,1101,'duejuub','ges','정창길','2016-02-29',0,'02-2184-2000','durwutal@omu.ws','서울시 영등포구 여의대로 66 케이티비빌딩(여의도동)','더미사원61','1989-01-01','1',0),
(63,1200,'loaf','nif','김병규','2016-02-29',0,'02-768-7000','amceomi@ralpuf.us','서울시 영등포구 여의대로 60 NH투자증권빌딩','더미사원62','1985-11-06','1',0),
(64,1211,'salak','sicedowab','임재현','2016-02-29',0,'02-3773-8245','pu@fomzaduh.cw','서울시 영등포구 국제금융로2길 24','더미사원63','1980-06-13','0',20),
(65,1212,'kumga','pi','김종옥','2016-02-29',0,'02-3779-3000','tu@oj.ao','서울시 서대문구 충정로 50  골든브릿지빌딩','더미사원64','1980-06-06','1',20),
(66,1221,'izawzen','hu','박은영','2016-02-29',0,'02-3771-9000','konuj@weidi.no','서울특별시 영등포구 의사당대로97 교보증권빌딩','더미사원65','1991-05-21','1',0),
(67,1222,'ci','ecubu','양순필','2016-02-29',0,'02-769-2000','wesakwi@ijoit.sl','서울시 중구 삼일대로 343','더미사원66','1954-04-20','1',0),
(69,1241,'cupromka','jure','조만희','2016-02-29',0,'02-369-3000','vo@maloami.ci','서울특별시 영등포구 국제금융로 8길 32 DB금융투자','더미사원68','1959-09-16','1',0),
(70,1242,'re','hifju','박경찬','2016-02-29',0,'02-2009-7000','uw@eksi.si','서울특별시 영등포구 국제금융로6길 26 (여의도동 4층)','더미사원69','1990-09-07','0',0),
(71,1300,'givigez','ujewejzi','노중현','2016-08-31',0,'02-785-6611','tu@lu.cc','서울시 영등포구 국제금융로6길 15','더미사원70','1988-03-19','0',0),
(72,1311,'inogo','podor','이상율','2016-04-30',0,'','cudu@meckop.cr','서울특별시 영등포구 의사당대로1길 34 인영빌딩','더미사원71','1967-12-25','1',0),
(73,1312,'azoude','jar','박홍기','2016-05-31',0,'02-368-9200','bewivcek@ke.lb','서울시 영등포구 국제금융로6길 17','더미사원72','1957-04-05','1',0),
(74,1313,'zedfiltu','hephacren','이호근','2016-09-19',0,'02-2020-8000','id@zan.it','서울특별시 서초구 서초대로 74길 11','더미사원73','1994-04-26','0',0),
(75,1314,'locesiz','sos','송진혁','2016-09-19',0,'02-2004-9000','tihi@su.bt','서울 영등포구 국제금융로 8길 16 신영증권빌딩','더미사원74','1962-04-21','1',0),
(76,1400,'nuddo','se','이형철','2016-08-31',0,'02-3772-1000','pigtuer@dulkona.ms','서울시 영등포구 여의대로 70(여의도동)','더미사원75','1979-05-24','1',0),
(77,1411,'owahki','ufku','윤정인','2016-04-30',0,'02-6915-5000','de@beafe.vi','서울특별시 영등포구 국제금융로6길 11(여의도동)','더미사원76','1994-07-30','1',0),
(78,1421,'enizu','kuecofe','배정훈','2016-05-31',0,'02-6923-7000','zecatip@ehilabam.tp','서울특별시 영등포구 국제금융로2길 25 (여의도동 유수홀딩스빌딩 3층)','더미사원77','1991-12-26','0',0),
(79,1431,'gudpe','vem','진승하','2016-02-29',0,'02-3770-2000','buh@ehmus.cy','서울특별시 중구 을지로 76 유안타증권빌딩','더미사원78','1975-03-16','1',0),
(80,9001,'ciisuwep','vulahu','성용욱','2016-02-29',0,'02-368-6114','gofpogsek@liibjum.mz','서울시 영등포구 국제금융로 24 (유진그룹빌딩)','더미사원79','1986-07-22','0',0),
(81,1101,'vuhju','celzejik','김정홍','2016-02-29',0,'02-3770-0100','navawufiz@esa.hr','서울특별시 영등포구 국제금융2길 36 유화증권빌딩','더미사원80','1956-06-06','0',0),
(82,1200,'gef','echa','김문건','2016-02-29',0,'02-3779-0100','jaumoiro@waziv.lr','서울특별시 영등포구 여의대로 14 KT빌딩 17층','더미사원81','1974-10-06','1',0),
(83,1211,'saip','jobipi','이호섭','2016-02-29',25,'02-6114-0114','sakzegwe@zip.me','서울시 영등포구 국제금융로2길 28','더미사원82','1989-12-20','1',20),
(84,1212,'fej','jaego','장영규','2016-06-29',0,'02-550-6200','ifasidvik@sijaosu.vg','서울 영등포구 여의나루로 57(신송센터빌딩 12층)','더미사원83','1978-10-30','0',20),
(85,1221,'suvidiiso','lout','조영욱','2016-08-31',0,'02-1544-9000','dez@zavapate.ca','서울 영등포구 여의나루로4길 18 (여의도동, 키움파이낸스스퀘어)','더미사원84','1966-09-14','1',0),
(86,1222,'tovos','le','김위정 ','2016-02-19',0,'02-709-2300','ut@agzi.ml','서울시 영등포구 여의도동 23-3 하나증권빌딩 3층','더미사원85','1963-07-09','1',0),
(87,1231,'mafciog','do','도규상','2016-02-29',0,'02-3771-7114','sakrisni@sav.sj','서울 영등포구 의사당대로 82[여의도동]','더미사원86','1964-09-08','1',0),
(88,1241,'egimemi','atge','주환욱','2016-02-29',0,'02-2122-9078','govita@fotoz.sa','서울시 영등포구 여의나루로 61','더미사원87','1970-01-06','0',0),
(89,1242,'asdf@asdf.com','asdfasdf','고광희','2016-02-29',0,'02-3276-5000','me@monad.bz','서울특별시 영등포구 의사당대로 88','더미사원88','1964-06-30','1',0),
(90,1300,'fo','lumovin','배병관','2016-02-29',0,'02-3770-5000','ofujik@sinzoaw.ps','서울특별시 영등포구 국제금융로6길 7','더미사원89','1955-05-11','0',0),
(91,1311,'elja','gemli','김명규','2016-02-29',0,'02-3772-7000','fifiaja@ahopu.je','서울특별시 영등포구 여의대로 56 한화투자증권빌딩','더미사원90','1996-10-02','0',0),
(92,1312,'fufa','dad','장보영','2016-04-30',0,'02-6742-3600','vopdo@jolofpas.as','서울시 종로구 새문안로68 흥국생명빌딩 19층 (신문로1가)','더미사원91','1970-02-02','1',0),
(93,1313,'mubbud','liv','황인웅','2016-02-29',0,'02-3783-2000','fo@buwosoj.km','서울시 중구 세종대로 136 서울파이낸스센터 17층','더미사원92','1992-04-06','1',0),
(94,1314,'rehfo','vef','심규진','2016-02-29',0,'02-787-9100','secipzu@loirkuz.sl','서울특별시 영등포구 여의도동 국제금융로 10 One IFC빌딩 21층','더미사원93','1964-08-05','0',0),
(95,1400,'namenut','lep','방기선','2016-02-29',0,'02-316-8888','voosuli@lokeg.td','서울특별시 종로구 청계천로 41 (서린동 영풍빌딩 17층)','더미사원94','1955-05-03','1',0),
(96,1411,'sez','ivawu','한훈','2016-04-30',0,'02-3705-8500','ifdi@izazur.hn','서울특별시 중구 소공로 109 (소공동 한화빌딩 5층)','더미사원95','1987-09-18','1',0),
(97,1421,'azoetaki','wed','강기룡','2016-05-31',0,'02-2125-0500','nidkuug@wo.pg','서울특별시 중구 퇴계로 100 (회현동 2가) 스테이트타워 남산빌딩 24, 25층','더미사원96','1992-10-21','1',0),
(98,1431,'zambebzo','devwotaf','조현진','2016-08-31',0,'02-397-8400','fuwguk@cu.eh','서울시 영등포구 국제금융로 10번지 원아이에프씨 30층','더미사원97','1957-07-26','0',0),
(99,9001,'lavmed','javofpa','배준형','2016-08-31',0,'02-3705-0600','namveg@ebbeg.ma','서울특별시 중구 청계천로 24  한국씨티은행빌딩 17층','더미사원98','1983-06-07','1',0),
(100,1101,'famcomudu','urne','이상윤','2016-08-31',0,'02-3703-5000','heguru@bamo.an','서울특별시 종로구 종로47','더미사원99','1989-09-22','0',0),
(101,1200,'teruta','henhaz','임상준','2016-02-29',0,'02-2195-7114','jozo@tu.lr','서울시 종로구 종로3길 17  D타워 D1 24층','더미사원100','1954-03-05','0',0),
(102,1211,'tureh','aciemegu','김영노','2016-02-29',0,'02-758-5700','todotkiv@hawu.fr','서울특별시 중구 서소문로11길 35  (정동)   제이피모간플라자','더미사원101','1994-03-28','1',10),
(103,1212,'virbezom','wetar','천재호','2016-02-29',0,'02-3788-1000','kucovdu@remzohkik.se','서울시 종로구 신문로1가 226 흥국생명빌딩 21층','더미사원102','1963-05-06','1',10),
(104,1221,'akujuzi','rignuw','이승한','2016-02-29',0,'02-3707-0400','veadit@za.eh','서울특별시 중구 세종대로 136 (무교동 서울파이낸스센터 29층)','더미사원103','1959-05-18','0',0),
(105,1222,'bobubole','li','이억원','2016-02-29',0,'02-399-4848','didi@eta.ad','서울 종로구 새문안로 68 흥국생명 빌딩 22층','더미사원104','1960-02-24','1',0),
(106,1231,'gam','fug','이주섭','2016-02-29',0,'02-6730-6000','funohe@dihse.dk','서울시 종로구 새문안로 82 에스타워 15층','더미사원105','1998-11-03','1',0),
(107,1241,'gaj','mavir','강병중','2016-02-29',0,'02-3700-9500','jopsurif@tawgolfo.ru','서울시 종로구 종로1 교보빌딩 21층','더미사원106','1961-06-29','1',0),
(108,1242,'tuc','ezunamo','이영주','2016-02-29',0,'02-3702-8888','vueli@tilov.tg','서울시 중구 세종대로 136 서울파이낸스센터 22층','더미사원107','1964-09-30','0',0),
(109,1300,'ris','tajotnew','박상영','2016-02-29',0,'02-3707-3700','cihinaz@areosi.kz','서울시 중구 소공로 109 한화빌딩 13층','더미사원108','1963-07-11','1',0),
(110,1311,'lobdo','adi','한재용','2016-02-29',0,'02-3706-8700','ciazoba@cej.zw','서울시 중구 칠패로 37 HSBC빌딩 7층','더미사원109','1969-03-24','0',0),
(111,1312,'fir','ta','김동익','2016-02-29',0,'02-317-8900','nahge@bin.id','서울시 중구 세종대로 136 서울파이낸스센터 11층','더미사원110','1995-10-10','0',0),
(112,1313,'hegaeho','fo','우범기','2016-02-29',0,'02-6910-1100','wewpa@kire.dm','서울시 중구 무교로6 금세기빌딩 12층','더미사원111','1960-06-28','1',0),
(113,1314,'waf','sumkulog','박홍진','2016-05-31',0,'02-2167-8200','acsaw@gekazuwi.ac','서울특별시 영등포구 여의대로 70 (여의도동 신한금융투자빌딩 25층)','더미사원112','1999-10-18','1',0),
(114,1400,'cigasni','bum','김선길','2016-06-30',0,'02-788-8400','utri@vidcu.sl','서울시 영등포구 여의대로 66, KTB빌딩 13층','더미사원113','1983-01-16','0',0),
(115,1411,'josju','bosupu','김동곤','2016-05-31',0,'02-360-9500','kik@nacizgu.ro','서울시 서대문구 충정로 50 골든브릿지빌딩 5층','더미사원114','1985-05-24','1',0),
(116,1421,'arjewig','eh','오현경','2016-08-31',0,'02-767-9600','popo@gi.ng','서울 종로구 종로 1 교보생명빌딩 15층','더미사원115','1967-05-20','1',0),
(117,1431,'pu','fezo','마성균','2016-04-30',0,'02-769-3280','te@oci.jm','서울특별시 중구 명동 11길 24, 중국건설은행타워','더미사원116','1965-06-09','1',0),
(118,9001,'so','galo','박성동','2016-05-31',0,'02-787-3700','feifufew@vog.gy','서울 영등포구 여의대로 24, 43층 (여의도동 FKI타워)','더미사원117','1968-04-22','0',0),
(119,1101,'ecag','catus','윤성욱','2016-08-31',0,'02-3770-1300','lu@racosu.ad','서울시 영등포구 국제금융로2길 동양증권빌딩 6/14층','더미사원118','1984-12-08','1',0),
(120,1200,'tasolen','jovuceja','이재선','2016-02-29',0,'02-6276-3000','eme@jo.lr','서울시 영등포구 63로 50 63빌딩 19층','더미사원119','1982-10-25','0',0),
(121,1211,'jok','dout','이상규','2016-02-29',0,'02-3787-3500','re@toghuzu.cw','서울시 영등포구 여의대로 66 KTB빌딩 8층','더미사원120','1964-10-25','0',10),
(122,1212,'sehi','donapila','이용욱','2016-02-29',0,'02-3703-9800','tuwkod@uroke.ug','서울특별시 영등포구 국제금융로 10(여의도동 원아이에프씨 20층)','더미사원121','1984-01-25','1',10),
(123,1221,'hoavo','oj','김구년','2016-02-29',0,'02-6320-3000','fewesij@robtu.bb','서울특별시 종로구 북촌로 104(계동 계동빌딩)','더미사원122','1959-07-01','1',0),
(124,1222,'nolaro','cevhitu','김동엽','2016-02-29',0,'02-3782-4717','zopes@silmatro.ky','서울시 종로구 종로33, Tower 13','더미사원123','1976-06-01','0',0),
(125,1231,'goapafe','ujijaw','고정민','2016-02-29',0,'02-6277-5000','lib@su.gy','서울특별시 영등포구 여의대로 70 26층(여의도동 신한금융투자타워)','더미사원124','1996-08-10','1',0),
(126,1241,'dabnihmik','egiezo','진강렬','2016-02-29',0,'02-3774-8000','nowfig@fet.se','서울시 영등포구 국제금융로 56 미래에셋대우빌딩 16층','더미사원125','1994-07-21','1',0),
(127,1242,'efni','jugluzfol','최상대','2016-02-29',0,'02-310-2500','jenpurih@zo.mv','서울 서초구 서초대로 74길 4 삼성생명 서초타운 16층','더미사원126','1960-02-18','1',0),
(128,1300,'pa','ujonovomo','임기근','2016-02-29',0,'02-3774-7600','wiifidif@okoce.gn','서울 서초구 서초대로 74길 11 삼성자산운용 16-18층','더미사원127','1967-07-09','0',0),
(129,1311,'berbuw','irzod','장정진','2016-02-29',0,'02-6711-7500','iwagu@se.com','서울특별시 영등포구 국제금융로8길 6','더미사원128','1994-10-27','1',0),
(130,1312,'maja','abilivbo','박호성','2016-07-31',0,'02-767-5777','zekzijpem@ik.hn','서울 영등포구 여의대로 70 신한금융투자타워 18층','더미사원129','1971-11-18','0',0),
(131,1313,'walof','emetizur','김시동','2016-02-29',0,'02-727-8800','rezucuj@ukeomobaf.pg','서울특별시 영등포구 은행로30(여의도동 중소기업중앙회 신관11층)','더미사원130','1985-08-15','0',0),
(132,1314,'ojsomki','zipfi','고종안','2016-02-29',0,'02-2156-2800','vavi@zetmowad.mu','서울시 강남구 도산대로 318 9층 (논현동 SB타워)','더미사원131','1958-10-14','1',0),
(133,1400,'lib','gurbesu','최용호','2016-02-29',0,'02-6670-1800','zasnit@hi.dz','서울 영등포구 여의나루로 27 사학연금회관 9층','더미사원132','1978-11-16','1',0),
(134,1411,'af','oknuuh','신언주','2016-02-29',0,'02-769-7600','dubesa@nadodil.edu','서울시 영등포구 국제금융로 8길25 (여의도동, 주택건설회관 3층)','더미사원133','1998-06-29','0',0),
(135,1421,'kavgozoc','elugagis','이용안','2016-02-29',0,'02-501-7707','pepbedi@iguge.so','경기도 성남시 분당구 판교역로192번길 14(삼평동리치투게더센터)','더미사원134','1987-05-14','1',0),
(136,1431,'upwa','wicihun','박지훈','2016-02-29',0,'02-3215-3000','leknaz@renu.is','서울시 영등포구 국제금융로8길 11, 대영빌딩 2층(여의도동)','더미사원135','1955-03-28','1',0),
(137,9001,'joprude','coavfu','오규택','2016-02-29',0,'02-368-3600','giblivlom@kerozne.co','서울특별시 영등포구 국제금융로8길 2 농협재단빌딩 10층','더미사원136','1976-04-18','1',0),
(138,1101,'sol','ko','김완섭','2016-02-29',0,'02-707-4200','nusiweg@bupogok.vn','서울 영등포구 여의나루로 27 사학연금회관 12층','더미사원137','1969-05-11','0',0),
(139,1200,'gi','gagev','안상열','2016-02-29',0,'02-6007-4700','dozmakbe@zukom.ye','서울특별시 강남구 남부순환로 2806, 군인공제회관 22층','더미사원138','1955-07-16','1',0),
(140,1211,'etipojec','ulounu','조규산','2016-02-29',0,'02-2168-7900','toked@gihi.fk','서울시 영등포구 국제금융로 6길 17번 부국증권빌딩 9층','더미사원139','1957-06-12','0',10),
(141,1212,'bu','juoli','고정삼','2016-08-31',0,'02-2129-3300','oluvfe@zac.bz','서울특별시 영등포구 국제금융로 24 (여의도동) 3층','더미사원140','1983-07-12','0',10),
(142,1221,'iroob','ejicoaj','이명선','2016-02-29',0,'02-6959-3100','ativej@hur.sc','서울시 영등포구 여의공원로 115 세우빌딩 14층','더미사원141','1998-10-21','1',0),
(143,1222,'kuvir','ke','신민철','2016-02-29',0,'02-3782-5000','lohicnuh@nu.pl','전라북도 전주시 덕진구 백제대로 566(금암동 전북은행빌딩)','더미사원142','1999-04-10','1',0),
(144,1231,'erahpu','ke','이승욱','2016-06-30',0,'02-2077-5000','ihjewkol@nifot.bt','서울시 용산구 한강대로 372 18층 (동자동 케이디비생명타워)','더미사원143','1961-10-08','0',0),
(146,1242,'mok','bev','권중각','2016-08-31',0,'02-789-0300','gutfa@sanvacjal.at','서울시 영등포구 여의나루로4길 18','더미사원145','1954-11-26','1',0),
(147,1300,'dazguris','baj','양충모','2016-05-31',0,'02-6308-0500','togcin@bihvuni.ng','서울특별시 영등포구 여의대로 66, 10층(여의도동)','더미사원146','1992-07-16','1',0),
(148,1311,'zugur','nanvin','오상우','2016-02-29',0,'02-6353-7303','jug@gawiv.li','서울시 영등포구 의사당대로 82 하나금융투자빌딩 6층','더미사원147','1958-03-31','0',0),
(149,1312,'vewjibir','wagbe','김유정','2016-02-29',0,'02-3709-7304','igakid@bec.com','서울시 영등포구 의사당대로 143 금융투자협회빌딩 11층','더미사원148','1973-09-26','1',0),
(150,1313,'uruto','ceus','정향우','2016-02-29',0,'02-3787-2700','ru@tis.mu','서울시 영등포구 여의나루로 27 사학연금회관 13층','더미사원149','1969-11-05','0',0),
(151,1314,'maenco','ib','문경환','2016-08-31',0,'02-3771-7800','gedi@det.mn','서울 영등포구 의사당대로 82, 15층 (여의도동)','더미사원150','1983-11-16','0',0),
(152,1400,'jef','otuw','박봉용','2016-02-29',0,'02-2050-4700','nuceufa@teku.mc','서울특별시 강남구 테헤란로 427, 16층 (삼성동)','더미사원151','1978-02-09','1',0),
(153,1411,'cehpubker','mibvaf','김영훈','2016-02-29',0,'02-727-2700','usunojad@baket.sy','서울시 영등포구 여의나루로 61 하이투자증권빌딩 11, 12층','더미사원152','1998-06-16','1',0),
(154,1421,'was','lefkereh','황병기','2016-02-29',0,'02-3276-6000','pi@za.va','서울시 영등포구 의사당대로 88, 한국투자빌딩 17층','더미사원153','1969-05-23','0',0),
(155,1431,'oma','lam','임재정','2016-05-31',0,'02-3276-4700','kef@hinukhow.pk','서울특별시 영등포구 의사당대로 88','더미사원154','1964-12-20','1',0),
(156,9001,'cec','ketgered','임동규','2016-02-29',0,'02-6950-0000','dej@mawrosra.gf','서울시 영등포구 63로 50 한화금융센터 49~52층','더미사원155','1960-12-06','1',0),
(157,1101,'ovona','rab','김규정','2016-05-31',0,'02-6276-7000','ved@das.re','서울특별시 영등포구 의사당대로 97 교보증권빌딩 14층','더미사원156','1991-08-08','1',0),
(158,1200,'ed','top','김윤경','2016-04-30',0,'02-2090-0500','jehiop@si.se','서울시 영등포구 은행로30  6층 (여의도동 중소기업중앙회신관)','더미사원157','1957-12-06','0',0),
(159,1211,'tew','domwukog','조원경','2016-05-31',0,'02-2122-2800','cete@wapuzo.eu','서울 종로구 새문안로 68 흥국생명빌딩 19층','더미사원158','1972-07-15','1',10),
(160,1212,'fe','ruobge','문지성','2016-05-31',0,'02-3707-3699','bo@vi.io','서울시 서초구 서초대로 74길 4 (서초동) 삼성생명 서초타워 33층','더미사원159','1959-10-13','0',10),
(161,1221,'pe','jelwerup','이형렬','2016-04-30',0,'02-3774-0300','veineve@nel.bs','서울시 영등포구 국제금융로8길 2 농협재단 빌딩 16층','더미사원160','1968-10-08','0',0),
(162,1222,'epkof','geumu','주현준','2016-08-31',0,'02-3770-8800','ize@ofwacuv.ao','서울시 영등포구 국제금융로8길 10','더미사원161','1981-04-28','1',0),
(163,1231,'viwauti','feiskit','최지영','2016-09-30',0,'053-957-9901','utibofu@tabe.ug','대구시 동구 동북로 296','더미사원162','1988-03-19','1',0),
(164,1241,'butuhe','owhijot','심현우','2016-08-31',0,'061-743-3583','poco@jibpa.im','전라남도 순천시 백연길 111','더미사원163','1986-07-22','0',0),
(165,1242,'ec','bumega','오재우','2016-05-31',0,'041-568-1783','juek@pepih.sm','충청남도 천안시 동남구 대흥로 277','더미사원164','1972-02-14','1',0),
(166,1300,'duvos','em','우병렬','2016-09-30',0,'031-944-2425','daek@lisha.cr','경기 파주시 문화로 90','더미사원165','1954-08-30','1',0),
(167,1311,'ejaojbak','oskeju','김후진','2016-07-31',0,'062-221-6600','uvo@ecu.jm','광주광역시 동구 금남로 182 (금남로5가)','더미사원166','1964-08-10','1',0),
(168,1312,'kojed','ujukihij','장도환','2016-02-29',0,'02-3705-1700','uhuwu@wi.kh','서울특별시 영등포구 국제금융로 6길 11 삼덕빌딩 8층','더미사원167','1976-03-24','0',0),
(170,1314,'has','ohsaus','이대중','2016-05-31',0,'02-2271-0071','jupzadmo@lecbumroj.kn','서울시 서대문구 충정로 60','더미사원169','1991-07-29','0',0),
(172,1411,'faz','jo','서규식','2016-05-31',0,'02-595-4321','esve@uw.sj','서울특별시 종로구 종로33(청진동) 그랑서울','더미사원171','1992-03-04','1',0),
(173,1421,'onrog','hi','최영배','2016-05-31',0,'02-558-2501','zejgewo@luflaiw.dk','서울시 종로구 삼봉로 48번지 시그나타워','더미사원172','1956-09-09','1',0),
(174,1431,'naw','pupvasul','조용수','2016-05-31',0,'02-569-5600','azutor@vode.as','서울특별시 강남구 테헤란로 316(메트라이프 타워)','더미사원173','1979-05-20','0',0),
(175,9001,'luflarif','hicrinu','윤태식','2016-05-31',0,'02-2260-0700','awdouva@evgolrim.il','서울특별시 영등포구 국제금융로 56','더미사원174','1979-02-01','1',0),
(176,1101,'cocmozal','movah','유병희','2016-05-31',0,'02-3702-5800','ogeza@igfowa.sg','서울특별시 중구 후암로 110 (남대문로 5가)','더미사원175','1966-06-28','1',0),
(177,1200,'afiapde','ug','윤정주','2016-06-30',0,'02-3144-2460','uhireafu@zeriri.sh','서울특별시 서초구 서초대로74길 11','더미사원176','1973-02-06','1',0),
(178,1211,'eb','mu','김남성','2016-04-30',0,'051-717-0900','awpiz@wi.mo','서울특별시 중구 삼일대로 358(을지로2가  신한L Tower 2층)','더미사원177','1953-07-13','0',10),
(179,1212,'guv','holcojbur','도종록','2016-05-31',0,'02-3978-600','bakjik@gupoc.uk','서울특별시 중구 칠패로 37(봉래동 1가, HSBC빌딩)','더미사원178','1965-11-03','1',10),
(180,1221,'luihu','huzzasvu','김동준','2016-05-31',0,'02-6206-0300','afgaka@janfa.lb','서울특별시 영등포구 의사당대로 147 (ABL타워)','더미사원179','1999-01-25','0',0),
(181,1222,'ehopav','kifbonip','나상곤','2016-05-31',0,'032 -865 -391','sahmewef@uwoli.so','서울시 강남구 삼성로 511(삼성동) 골든타워 5-6층','더미사원180','1984-03-22','0',0),
(182,1231,'mu','bunak','이종훈','2016-06-30',0,'032 -526 -600','ugoupoce@ficjad.mr','서울특별시 중구 통일로 2길 16 (순화동 216) AIA 타워','더미사원181','1983-10-04','1',0),
(183,1241,'tuvtiz','fa','김경희','2016-06-30',0,'032 -421 -211','galdek@jol.tj','서울특별시 서대문구 충정로 29(충정로3가)','더미사원182','1974-05-25','1',0),
(184,1242,'mo','dadod','박성훈','2016-06-30',0,'032 -430 -330','vo@ejakisu.in','서울특별시 용산구 한강대로 372 KDB생명타워','더미사원183','1958-09-09','0',0),
(185,1300,'icuzo','wan','이대균','2016-06-30',0,'053 -742 -330','vugcuj@ze.sd','서울특별시 영등포구 국제금융로 2길 28 KB금융타워 2층 15층','더미사원184','1985-01-04','1',0),
(186,1200,'test-newbie','123123','뉴비신인','2018-10-13',0,'010-0011-1212','asdf9898@asdf.com','어딘가에서 출퇴근 한다','신규사원 등록 테스트','1992-05-25','0',0),
(197,9001,'asdfasdf','qewr0000','구매왕','2018-09-27',36,'010-4444-7777','sdfgmsdfg@adf.com','여기가 어딜까요??','비품구매신청 처리사원','1992-02-14','1',30),
(198,9001,'test-newbie2','123123','구매쩌리왕','2018-10-13',36,'010-0011-1212','asdf9898@asdf.com','어딘가에서 출퇴근 한다','비품구매신청 처리권한 리미트 견본용 사원','1992-05-25','0',10),
(206,0,'eeeeee','eeeeee','멍멍이','2018-10-01',0,'010-0101-0101','aaaa@naver.com','제주특별자치도 제주시 가령골길 1 (일도2동)','ㅌㅅㅌ','2017-09-01','0',0),
(207,0,'tt','11','냥냥이','2018-10-01',0,'010-0101-0101','dong_a_s2@naver.com','제주특별자치도 제주시 가령골길 1-1 (일도2동)','ㅌㅅㅌ','2018-10-18','1',0),
(208,0,'t1t1','11','헤헤','2018-10-22',0,'010-0101-0101','dong_a_s2@naver.com','제주특별자치도 제주시 이도2동 314-4','ㅌㅅㅌ','2017-09-01','0',0),
(210,0,'2222','2222','잇힝','2018-10-01',0,'010-0101-0101','dong_a_s2@naver.com','제주특별자치도 제주시 감수북길 24 (삼양2동)','ㅌㅅㅌ','2018-09-01','1',0),
(212,0,'333333','333333','아항','2018-10-29',0,'010-0101-0101','dong_a_s2@naver.com','제주특별자치도 제주시 감수북길 24 (삼양2동)','ㅌㅅㅌ','2018-10-03','0',0),
(213,0,'44444','4444','제발','2018-10-01',0,'010-0101-0101','dong_a_s2@naver.com','제주특별자치도 제주시 한림읍 감낭길 18 (상명리)','ㅌㅅㅌ','2018-10-01','0',0),
(214,0,'5555','5555','또','2018-10-01',0,'010-0101-0101','dong_a_s2@naver.com','제주특별자치도 제주시 감수북길 24 (삼양2동)','짜증','2018-09-01','1',0),
(215,0,'6666','6666','짜증','2018-09-01',0,'010-0101-0101','dong_a_s2@naver.com','제주특별자치도 제주시 가령로 3 (이도2동)','ㅌㅅㅌ','2018-10-06','1',0),
(216,0,'7777','7777','하하하','2018-10-01',0,'010-0101-0101','dong_a_s2@naver.com','제주특별자치도 제주시 한림읍 감낭길 18 (상명리)','ㅌㅅㅌ','2013-03-02','1',0),
(217,0,'8888','8888','안녕','2018-10-01',0,'010-0101-0101','dong_a_s2@naver.com','제주특별자치도 제주시 간월동로 5 (아라2동)','ㅌㅅㅌ','2018-10-01','0',0),
(218,0,'9999','9999','유후','2018-10-01',0,'010-0101-0101','dong_a_s2@naver.com','제주특별자치도 제주시 아라2동 2425','ㅌㅅㅌ','2018-10-01','1',0),
(219,0,'1212','1212','ㅇㅈㅇ','2018-10-01',0,'010-0101-0101','dong_a_s2@naver.com','부산 사하구 제석로 1 (하단동)','ㅌㅅㅌ','2018-10-01','0',0),
(226,0,'test8989','test8989','테스트','2002-01-01',0,'010-0101-0101','dong_a_s2@naver.com','제주특별자치도 제주시 가령골길 1 (일도2동)','테스트입니다','1989-01-01','1',0);

/*Table structure for table `eq` */

DROP TABLE IF EXISTS `eq`;

CREATE TABLE `eq` (
  `eq_no` decimal(8,0) NOT NULL,
  `eq_sort` varchar(5) DEFAULT NULL,
  `eq_name` varchar(50) DEFAULT NULL,
  `cost` decimal(12,0) DEFAULT NULL,
  `eq_date` varchar(10) DEFAULT NULL,
  `mk_no` decimal(4,0) NOT NULL,
  PRIMARY KEY (`eq_no`),
  KEY `FK__eq_mk_no__eq_market_mk_no` (`mk_no`),
  CONSTRAINT `FK__eq_mk_no__eq_market_mk_no` FOREIGN KEY (`mk_no`) REFERENCES `eq_market` (`mk_no`)
) ENGINE=InnoDB DEFAULT CHARSET=utf8mb4;

/*Data for the table `eq` */

insert  into `eq`(`eq_no`,`eq_sort`,`eq_name`,`cost`,`eq_date`,`mk_no`) values 
(4,'소프트웨어','Nexacro',70000000,'2018-09-30',2),
(7,'하드웨어','Thundervolt3 Charge',6000,'2018-09-30',1),
(8,'하드웨어','USB3.0 충전케이블 (C타입)',4500,'2018-09-30',1),
(9,'하드웨어','라즈베리파이3',55000,'2018-09-30',1),
(10,'하드웨어','New MacBook 2018',1600000,'2018-10-03',1),
(11,'가구',NULL,NULL,'2018-10-11',3),
(12,NULL,'1',NULL,'2018-10-11',1),
(13,'가구','SIDIZ T30 민트색 회전의자',NULL,'2018-10-12',3),
(14,'가구','선풍기',NULL,'2018-10-12',3),
(15,'도서','컴퓨터활용',NULL,'2018-10-12',5),
(16,'소프트웨어','lg 그램',NULL,'2018-10-16',2);

/*Table structure for table `eq_add_list` */

DROP TABLE IF EXISTS `eq_add_list`;

CREATE TABLE `eq_add_list` (
  `eq_addno` decimal(8,0) NOT NULL,
  `ask_eno` decimal(6,0) NOT NULL,
  `sign_eno` decimal(6,0) DEFAULT NULL,
  `ask_date` varchar(10) DEFAULT NULL,
  `eq_sort` varchar(30) DEFAULT NULL,
  `eq_name` varchar(50) DEFAULT NULL,
  `outcome` varchar(5) DEFAULT 'eqa-1',
  `mk_no` decimal(4,0) NOT NULL,
  `sign_date` varchar(10) DEFAULT NULL,
  `sign_rsn` varchar(500) DEFAULT NULL,
  PRIMARY KEY (`eq_addno`),
  KEY `FK__eq_add_list_ask_eno__emp_e_no` (`ask_eno`),
  KEY `FK__eq_add_list_sign_eno__emp_e_no` (`sign_eno`),
  KEY `FK__eq_add_list_mk_no__eq_market_mk_no` (`mk_no`),
  CONSTRAINT `FK__eq_add_list_ask_eno__emp_e_no` FOREIGN KEY (`ask_eno`) REFERENCES `emp` (`e_no`),
  CONSTRAINT `FK__eq_add_list_mk_no__eq_market_mk_no` FOREIGN KEY (`mk_no`) REFERENCES `eq_market` (`mk_no`),
  CONSTRAINT `FK__eq_add_list_sign_eno__emp_e_no` FOREIGN KEY (`sign_eno`) REFERENCES `emp` (`e_no`)
) ENGINE=InnoDB DEFAULT CHARSET=utf8mb4;

/*Data for the table `eq_add_list` */

insert  into `eq_add_list`(`eq_addno`,`ask_eno`,`sign_eno`,`ask_date`,`eq_sort`,`eq_name`,`outcome`,`mk_no`,`sign_date`,`sign_rsn`) values 
(23,15,10,'2018-10-03','하드웨어','New MacBook 2018','eqa-3',1,'2018-10-03','트리거승인테스트'),
(24,18,10,'2018-10-06','가구','SIDIZ T30 민트색 회전의자','eqa-3',3,'2018-10-12',NULL),
(25,17,10,'2018-10-06','가구',NULL,'eqa-2',3,'2018-10-12',NULL),
(26,20,10,'2018-10-06','가구',NULL,'eqa-3',3,'2018-10-11',NULL),
(27,1,10,'2018-10-10',NULL,'1','eqa-3',1,'2018-10-11',NULL),
(28,2,10,'2018-10-11','가구','ㅇㅇㅇ','eqa-2',1,'2018-10-11',NULL),
(29,2,10,'2018-10-11','추가비품분류2','컴퓨터','eqa-2',1,'2018-10-11',NULL),
(30,2,10,'2018-10-11','도서','jsp 공법','eqa-2',5,'2018-10-11',NULL),
(31,10,10,'2018-10-12','도서','컴퓨터활용','eqa-3',5,'2018-10-12',NULL),
(32,10,10,'2018-10-12','가구','선풍기','eqa-3',3,'2018-10-12',NULL),
(33,2,10,'2018-10-16','소프트웨어','lg 그램','eqa-3',2,'2018-10-16',NULL);

/*Table structure for table `eq_market` */

DROP TABLE IF EXISTS `eq_market`;

CREATE TABLE `eq_market` (
  `mk_no` decimal(4,0) NOT NULL,
  `mk_cname` varchar(50) NOT NULL,
  `mk_ename` varchar(30) NOT NULL,
  `mk_ph` varchar(13) NOT NULL,
  `mk_fax` varchar(14) DEFAULT NULL,
  `mk_email` varchar(50) DEFAULT NULL,
  `mk_adate` varchar(10) DEFAULT NULL,
  PRIMARY KEY (`mk_no`)
) ENGINE=InnoDB DEFAULT CHARSET=utf8mb4;

/*Data for the table `eq_market` */

insert  into `eq_market`(`mk_no`,`mk_cname`,`mk_ename`,`mk_ph`,`mk_fax`,`mk_email`,`mk_adate`) values 
(1,'하드웨어납품업체','하드남(Hard-man)','010-8899-9898','02-3399-5850','hardware@market.com','2018-09-30'),
(2,'소프트웨어납품업체','소프맨트(Soft-man)','010-4545-1234','02-4545-4545','software@market.com','2018-09-30'),
(3,'가구납품업체','우디(Woody)','010-9999-8282','02-9999-8282','woody@market.com','2018-10-03'),
(4,'필기구납품업체','드래프터(Drafter)','010-3344-2945','02-3344-2946','draft_shap@market.com','2018-10-03'),
(5,'도서납품업체','북맨(Book-man)','010-2727-2242','02-2727-2243','book-mans@market.com','2018-10-03'),
(6,'대형마트','뭐든게 다싸','02-756-1234','02-123-1342',NULL,NULL),
(7,'가전제품납품업체','바이마트','010-7564-8524','02-159-3790',NULL,'2018-10-11'),
(8,'잡화납품업체','살았소','010-7894-6542','02-852-7418',NULL,'2018-10-11'),
(9,'잡화납품업체2','뭐든게 다싸2','010-7564-8524','02-0000-4545','aa123@naver.com','2018-10-11'),
(10,'잡화납품업체3','뭐든게 다싸3','010-7564-8524','02-0000-4545','aa123@naver.com','2018-10-11'),
(12,'거래처테스트1','거래처테스트1','010-1234-1234','02-1234-1324','aaaa@naver.com','2018-10-12');

/*Table structure for table `eq_purc_list` */

DROP TABLE IF EXISTS `eq_purc_list`;

CREATE TABLE `eq_purc_list` (
  `eq_pno` decimal(8,0) NOT NULL,
  `ask_date` varchar(10) DEFAULT NULL,
  `outcome` varchar(5) DEFAULT 'ibp-1',
  `sign_date` varchar(10) DEFAULT NULL,
  `num` decimal(4,0) DEFAULT NULL,
  `subtotal` decimal(12,0) DEFAULT NULL,
  `ask_eno` decimal(6,0) NOT NULL,
  `sign_eno` decimal(6,0) DEFAULT NULL,
  `eq_no` decimal(8,0) NOT NULL,
  PRIMARY KEY (`eq_pno`),
  KEY `FK__eq_purc_list_ask_eno__emp_e_no` (`ask_eno`),
  KEY `FK__eq_purc_list_sign_eno__emp_e_no` (`sign_eno`),
  KEY `FK__eq_purc_list_eq_no__eq_eq_no` (`eq_no`),
  CONSTRAINT `FK__eq_purc_list_ask_eno__emp_e_no` FOREIGN KEY (`ask_eno`) REFERENCES `emp` (`e_no`),
  CONSTRAINT `FK__eq_purc_list_eq_no__eq_eq_no` FOREIGN KEY (`eq_no`) REFERENCES `eq` (`eq_no`),
  CONSTRAINT `FK__eq_purc_list_sign_eno__emp_e_no` FOREIGN KEY (`sign_eno`) REFERENCES `emp` (`e_no`)
) ENGINE=InnoDB DEFAULT CHARSET=utf8mb4;

/*Data for the table `eq_purc_list` */

insert  into `eq_purc_list`(`eq_pno`,`ask_date`,`outcome`,`sign_date`,`num`,`subtotal`,`ask_eno`,`sign_eno`,`eq_no`) values 
(1,'2018-09-30','ibp-2','2018-10-10',4,24000,8,197,7),
(3,'2018-10-01','ibp-4','2018-10-12',2,140000000,8,197,4),
(4,'2018-10-03','ibp-4','2018-10-12',5,350000000,12,197,4),
(5,'2018-10-09','ibp-5','2018-10-09',4,220000,9,197,9),
(6,'2018-10-09','ibp-5','2018-10-09',4,6400000,9,197,10),
(7,'2018-10-11','ibp-1',NULL,4,280000000,2,197,4),
(8,'2018-10-11','ibp-1',NULL,4,24000,2,197,7),
(9,'2018-10-12','ibp-1',NULL,4,280000000,10,197,4);

/*Table structure for table `eq_sort` */

DROP TABLE IF EXISTS `eq_sort`;

CREATE TABLE `eq_sort` (
  `eq_sort` varchar(30) NOT NULL,
  PRIMARY KEY (`eq_sort`)
) ENGINE=InnoDB DEFAULT CHARSET=utf8mb4;

/*Data for the table `eq_sort` */

insert  into `eq_sort`(`eq_sort`) values 
('가구'),
('공구'),
('도서'),
('소프트웨어'),
('의류'),
('잡화'),
('필기구'),
('하드웨어');

/*Table structure for table `inb_eq` */

DROP TABLE IF EXISTS `inb_eq`;

CREATE TABLE `inb_eq` (
  `inb_no` varchar(6) NOT NULL,
  `inb_date` varchar(10) DEFAULT NULL,
  `inb_state` varchar(5) DEFAULT 'inb-1',
  `eq_no` decimal(8,0) NOT NULL,
  PRIMARY KEY (`inb_no`),
  KEY `FK__inb_eq_eq_no__eq_eq_no` (`eq_no`),
  CONSTRAINT `FK__inb_eq_eq_no__eq_eq_no` FOREIGN KEY (`eq_no`) REFERENCES `eq` (`eq_no`)
) ENGINE=InnoDB DEFAULT CHARSET=utf8mb4;

/*Data for the table `inb_eq` */

insert  into `inb_eq`(`inb_no`,`inb_date`,`inb_state`,`eq_no`) values 
('4','2018-10-03','inb-0',4),
('7','2018-10-04','inb-1',4);

/*Table structure for table `inb_io_list` */

DROP TABLE IF EXISTS `inb_io_list`;

CREATE TABLE `inb_io_list` (
  `io_no` decimal(8,0) NOT NULL,
  `inb_state` varchar(5) DEFAULT 'inb-1',
  `sign_date` varchar(10) DEFAULT NULL,
  `inb_no` varchar(6) NOT NULL,
  `ask_eno` decimal(6,0) NOT NULL,
  PRIMARY KEY (`io_no`),
  KEY `FK__inb_io_list_inb_no__inb_eq_inb_no` (`inb_no`),
  KEY `FK__inb_io_list_ask_eno__emp_e_no` (`ask_eno`),
  CONSTRAINT `FK__inb_io_list_ask_eno__emp_e_no` FOREIGN KEY (`ask_eno`) REFERENCES `emp` (`e_no`),
  CONSTRAINT `FK__inb_io_list_inb_no__inb_eq_inb_no` FOREIGN KEY (`inb_no`) REFERENCES `inb_eq` (`inb_no`)
) ENGINE=InnoDB DEFAULT CHARSET=utf8mb4;

/*Data for the table `inb_io_list` */

insert  into `inb_io_list`(`io_no`,`inb_state`,`sign_date`,`inb_no`,`ask_eno`) values 
(1,'inb-1','2018-10-03','4',198),
(2,'inb-0','2018-10-04','4',16),
(3,'inb-1','2018-10-04','7',197);

/*Table structure for table `inb_ioask_list` */

DROP TABLE IF EXISTS `inb_ioask_list`;

CREATE TABLE `inb_ioask_list` (
  `io_ano` decimal(8,0) NOT NULL,
  `ask_date` varchar(10) DEFAULT NULL,
  `io_sort` varchar(5) NOT NULL,
  `outcome` varchar(5) DEFAULT 'ioa-1',
  `sign_date` varchar(10) DEFAULT NULL,
  `ask_eno` decimal(6,0) NOT NULL,
  `sign_eno` decimal(6,0) NOT NULL,
  `inb_no` varchar(6) NOT NULL,
  `ask_rsn` varchar(500) DEFAULT NULL,
  `sign_rsn` varchar(500) DEFAULT NULL,
  PRIMARY KEY (`io_ano`),
  KEY `FK__inb_ioask_list_ask_eno__emp_e_no` (`ask_eno`),
  KEY `FK__inb_ioask_list_sign_eno__emp_e_no` (`sign_eno`),
  KEY `FK__inb_ioask_list_inb_no__inb_eq_inb_no` (`inb_no`),
  CONSTRAINT `FK__inb_ioask_list_ask_eno__emp_e_no` FOREIGN KEY (`ask_eno`) REFERENCES `emp` (`e_no`),
  CONSTRAINT `FK__inb_ioask_list_inb_no__inb_eq_inb_no` FOREIGN KEY (`inb_no`) REFERENCES `inb_eq` (`inb_no`),
  CONSTRAINT `FK__inb_ioask_list_sign_eno__emp_e_no` FOREIGN KEY (`sign_eno`) REFERENCES `emp` (`e_no`)
) ENGINE=InnoDB DEFAULT CHARSET=utf8mb4;

/*Data for the table `inb_ioask_list` */

insert  into `inb_ioask_list`(`io_ano`,`ask_date`,`io_sort`,`outcome`,`sign_date`,`ask_eno`,`sign_eno`,`inb_no`,`ask_rsn`,`sign_rsn`) values 
(1,'2018-10-03','inb-1','ioa-0',NULL,12,16,'4','비품대여신청 취소테스트',''),
(2,'2018-10-03','inb-0','ioa-1',NULL,15,16,'4','비품대여신청 테스트',NULL),
(3,'2018-10-04','inb-0','ioa-3','2018-10-04',16,16,'4','비품대여신청 테스트','비품대여신청 결재테스트:승인'),
(4,'2018-10-04','inb-0','ioa-2','2018-10-04',17,16,'4','비품대여신청 테스트','비품대여신청 결재테스트:기각');

/*Table structure for table `pev` */

DROP TABLE IF EXISTS `pev`;

CREATE TABLE `pev` (
  `ev_eno` decimal(6,0) NOT NULL,
  `tg_eno` decimal(6,0) NOT NULL,
  `qrt_no` varchar(8) NOT NULL,
  `ev_date` varchar(10) DEFAULT NULL,
  `ev_content` varchar(500) DEFAULT NULL,
  `ev_score` decimal(2,0) DEFAULT NULL,
  `ratio` decimal(3,2) DEFAULT NULL,
  PRIMARY KEY (`qrt_no`,`ev_eno`,`tg_eno`),
  KEY `FK__pev_ev_eno__emp_e_no` (`ev_eno`),
  KEY `FK__pev_tg_eno__emp_e_no` (`tg_eno`),
  CONSTRAINT `FK__pev_ev_eno__emp_e_no` FOREIGN KEY (`ev_eno`) REFERENCES `emp` (`e_no`),
  CONSTRAINT `FK__pev_tg_eno__emp_e_no` FOREIGN KEY (`tg_eno`) REFERENCES `emp` (`e_no`)
) ENGINE=InnoDB DEFAULT CHARSET=utf8mb4;

/*Data for the table `pev` */

insert  into `pev`(`ev_eno`,`tg_eno`,`qrt_no`,`ev_date`,`ev_content`,`ev_score`,`ratio`) values 
(1,1,'18-3-09','2018-09-21','나는 정말 잘해',0,1.00),
(1,2,'18-3-09','2018-09-21','평가합니다.',2,1.00),
(2,4,'18-3-09','2018-09-18','테스트로 입력했음',4,0.75),
(3,1,'18-3-09','2018-09-18','테스트로 입력했음',6,0.50),
(3,3,'18-3-09','2018-09-21','나도 겁나 잘함.',8,0.50),
(3,4,'18-3-09','2018-09-21','나도 겁나 잘함.',10,0.50),
(3,5,'18-3-09','2018-09-21','나도 겁나 잘함.',2,0.50),
(3,6,'18-3-09','2018-09-21','나도 겁나 잘함.',4,0.50),
(3,7,'18-3-09','2018-09-21','나도 겁나 잘함.',6,0.50),
(3,10,'18-3-09','2018-09-23','재판단.. 괜찮은 친구네 ',8,0.50),
(5,4,'18-3-09','2018-09-21','테스트로 입력했음',10,0.10),
(2,1,'18-4-10','2018-10-12','ADSAD',4,0.75),
(2,3,'18-4-10','2018-10-12','ㅇㅇ',4,0.75),
(3,2,'18-4-10','2018-10-12','ㅇㅈㅇ',10,0.50),
(10,23,'18-4-10','2018-10-12','dd',8,0.50),
(10,42,'18-4-10','2018-10-12','잘못했습니다.',10,0.50),
(10,99,'18-4-10','2018-10-12','jkljlk',8,0.50),
(10,197,'18-4-10','2018-10-12','123',2,0.50),
(10,198,'18-4-10','2018-10-12','dd',2,0.50);

/*Table structure for table `pev_list` */

DROP TABLE IF EXISTS `pev_list`;

CREATE TABLE `pev_list` (
  `pev_lno` decimal(8,0) NOT NULL,
  `qrt_no` varchar(8) DEFAULT NULL,
  `ev_eno` decimal(6,0) DEFAULT NULL,
  `tg_eno` decimal(6,0) DEFAULT NULL,
  `ev_date` varchar(10) DEFAULT NULL,
  `ev_content` varchar(500) DEFAULT NULL,
  `ev_score` decimal(2,0) DEFAULT NULL,
  `ratio` decimal(3,2) DEFAULT NULL,
  PRIMARY KEY (`pev_lno`)
) ENGINE=InnoDB DEFAULT CHARSET=utf8mb4;

/*Data for the table `pev_list` */

insert  into `pev_list`(`pev_lno`,`qrt_no`,`ev_eno`,`tg_eno`,`ev_date`,`ev_content`,`ev_score`,`ratio`) values 
(1,'18-3-09',2,4,'2018-09-18','테스트로 입력했음',2,0.75),
(2,'18-3-09',3,1,'2018-09-18','테스트로 입력했음',4,0.50),
(3,'18-3-09',3,1,'2018-09-18','테스트로 입력했음',6,0.50),
(4,'18-3-09',5,4,'2018-09-21','테스트로 입력했음',8,0.10),
(5,'18-3-09',1,2,'2018-09-21','평가합니다.',10,1.00),
(6,'18-3-09',1,1,'2018-09-21','나는 잘해',0,1.00),
(7,'18-3-09',1,1,'2018-09-21','나는 잘해',2,1.00),
(8,'18-3-09',1,1,'2018-09-21','나는 정말 잘해',4,1.00),
(9,'18-3-09',3,3,'2018-09-21','나도 겁나 잘함.',6,0.50),
(10,'18-3-09',3,4,'2018-09-21','나도 겁나 잘함.',8,0.50),
(11,'18-3-09',3,5,'2018-09-21','나도 겁나 잘함.',10,0.50),
(12,'18-3-09',3,6,'2018-09-21','나도 겁나 잘함.',0,0.50),
(13,'18-3-09',3,7,'2018-09-21','나도 겁나 잘함.',2,0.50),
(14,'18-3-09',3,10,'2018-09-21','넌 좀 혼나야함',4,0.50),
(15,'18-3-09',3,10,'2018-09-21','넌 좀 혼나야함',6,0.50),
(16,'18-3-09',3,10,'2018-09-23','배점변경',8,0.50),
(17,'18-3-09',3,10,'2018-09-23','배점변경',10,0.50),
(18,'18-3-09',1,2,'2018-09-21','평가합니다.',80,1.00),
(19,'18-3-09',2,4,'2018-09-18','테스트로 입력했음',45,0.75),
(20,'18-3-09',3,1,'2018-09-18','테스트로 입력했음',0,0.50),
(21,'18-3-09',3,3,'2018-09-21','나도 겁나 잘함.',99,0.50),
(22,'18-3-09',3,4,'2018-09-21','나도 겁나 잘함.',99,0.50),
(23,'18-3-09',3,5,'2018-09-21','나도 겁나 잘함.',99,0.50),
(24,'18-3-09',3,6,'2018-09-21','나도 겁나 잘함.',99,0.50),
(25,'18-3-09',3,7,'2018-09-21','나도 겁나 잘함.',99,0.50),
(26,'18-3-09',3,10,'2018-09-23','재판단.. 괜찮은 친구네 ',85,0.50),
(27,'18-3-09',5,4,'2018-09-21','테스트로 입력했음',45,0.10),
(28,'18-4-10',3,2,'2018-10-12','ㅇㅈㅇ',10,0.50),
(29,'18-4-10',2,1,'2018-10-12','ADSAD',4,0.75),
(30,'18-4-10',2,3,'2018-10-12','ㅇㅇ',4,0.75),
(31,'18-4-10',10,198,'2018-10-12','dd',8,0.50),
(32,'18-4-10',10,23,'2018-10-12','dd',4,0.50),
(33,'18-4-10',10,23,'2018-10-12','dd',4,0.50),
(34,'18-4-10',10,23,'2018-10-12','dd',10,0.50),
(35,'18-4-10',10,23,'2018-10-12','dd',2,0.50),
(36,'18-4-10',10,197,'2018-10-12','123',4,0.50),
(37,'18-4-10',10,23,'2018-10-12','dd',10,0.50),
(38,'18-4-10',10,23,'2018-10-12','dd',6,0.50),
(39,'18-4-10',10,197,'2018-10-12','123',4,0.50),
(40,'18-4-10',10,23,'2018-10-12','dd',2,0.50),
(41,'18-4-10',10,23,'2018-10-12','dd',4,0.50),
(42,'18-4-10',10,197,'2018-10-12','123',6,0.50),
(43,'18-4-10',10,198,'2018-10-12','dd',8,0.50),
(44,'18-4-10',10,42,'2018-10-12','너무 싫어요',2,0.50),
(45,'18-4-10',10,42,'2018-10-12','너무 싫어요',2,0.50),
(46,'18-4-10',10,99,'2018-10-12','jkljlk',8,0.50);

/*Table structure for table `qrt_bg` */

DROP TABLE IF EXISTS `qrt_bg`;

CREATE TABLE `qrt_bg` (
  `bg_no` decimal(8,0) NOT NULL,
  `qrt_no` decimal(8,0) DEFAULT NULL,
  `cfw_bg` decimal(12,0) DEFAULT NULL,
  `add_bg` decimal(12,0) DEFAULT NULL,
  `spd_bg` decimal(12,0) DEFAULT NULL,
  `rst_bg` decimal(12,0) DEFAULT NULL,
  `d_no` decimal(4,0) NOT NULL,
  PRIMARY KEY (`bg_no`),
  KEY `FK__qrt_bg_d_no__dept_d_no` (`d_no`),
  CONSTRAINT `FK__qrt_bg_d_no__dept_d_no` FOREIGN KEY (`d_no`) REFERENCES `dept` (`d_no`)
) ENGINE=InnoDB DEFAULT CHARSET=utf8mb4;

/*Data for the table `qrt_bg` */

/*Table structure for table `retire_ask_list` */

DROP TABLE IF EXISTS `retire_ask_list`;

CREATE TABLE `retire_ask_list` (
  `rt_no` decimal(6,0) NOT NULL,
  `ask_date` varchar(10) DEFAULT NULL,
  `rt_date` varchar(10) NOT NULL,
  `outcome` varchar(5) NOT NULL,
  `ask_rsn` varchar(500) NOT NULL,
  `sign_rsn` varchar(500) DEFAULT NULL,
  `sign_date` varchar(10) DEFAULT NULL,
  `ask_eno` decimal(6,0) NOT NULL,
  `sign_eno` decimal(6,0) DEFAULT NULL,
  PRIMARY KEY (`rt_no`),
  KEY `FK__retire_ask_list_ask_eno__emp_e_no` (`ask_eno`),
  KEY `FK__retire_ask_list_sign_eno__emp_e_no` (`sign_eno`),
  CONSTRAINT `FK__retire_ask_list_ask_eno__emp_e_no` FOREIGN KEY (`ask_eno`) REFERENCES `emp` (`e_no`),
  CONSTRAINT `FK__retire_ask_list_sign_eno__emp_e_no` FOREIGN KEY (`sign_eno`) REFERENCES `emp` (`e_no`)
) ENGINE=InnoDB DEFAULT CHARSET=utf8mb4;

/*Data for the table `retire_ask_list` */

insert  into `retire_ask_list`(`rt_no`,`ask_date`,`rt_date`,`outcome`,`ask_rsn`,`sign_rsn`,`sign_date`,`ask_eno`,`sign_eno`) values 
(2,'2018-09-22','2018-10-26','rta-0','퇴사신청합니다','승인합니다.','2018-09-22',5,3),
(3,'2018-09-27','2018-10-26','rta-3','퇴사신청합니다','좋은 미래를 기도합니다.','2018-09-27',5,3),
(12,'2018-09-30','2018-10-26','rta-1','퇴사신청테스트 실행',NULL,NULL,10,11),
(13,'2018-10-11','2018-10-18','rta-1','213213',NULL,NULL,2,1),
(14,'2018-10-12','2018-10-16','rta-1','집에가자',NULL,NULL,2,1);

/*Table structure for table `sal_pay_list` */

DROP TABLE IF EXISTS `sal_pay_list`;

CREATE TABLE `sal_pay_list` (
  `pay_no` decimal(8,0) NOT NULL,
  `pay_sort` varchar(5) DEFAULT NULL,
  `pay_cash` decimal(12,0) DEFAULT NULL,
  `pay_date` varchar(10) DEFAULT NULL,
  `note` varchar(500) DEFAULT NULL,
  `e_no` decimal(6,0) NOT NULL,
  PRIMARY KEY (`pay_no`),
  KEY `FK__sal_pay_list_e_no__emp_e_no` (`e_no`),
  CONSTRAINT `FK__sal_pay_list_e_no__emp_e_no` FOREIGN KEY (`e_no`) REFERENCES `emp` (`e_no`)
) ENGINE=InnoDB DEFAULT CHARSET=utf8mb4;

/*Data for the table `sal_pay_list` */

/*Table structure for table `sequences` */

DROP TABLE IF EXISTS `sequences`;

CREATE TABLE `sequences` (
  `seq_name` varchar(32) DEFAULT NULL,
  `seq_val` bigint(20) unsigned DEFAULT NULL
) ENGINE=InnoDB DEFAULT CHARSET=utf8mb4;

/*Data for the table `sequences` */

insert  into `sequences`(`seq_name`,`seq_val`) values 
('seq_columnName',102),
('seq_c_no',3),
('seq_e_no',226),
('seq_cmt_no',63),
('seq_pev_lno',46),
('seq_rt_no',14),
('seq_mk_no',12),
('seq_eq_no',16),
('seq_eq_addno',33),
('seq_inb_no',7),
('seq_io_ano',4),
('seq_bg_no',0),
('seq_be_no',9),
('seq_pay_no',0),
('seq_at_no',6),
('seq_io_no',3),
('seq_eq_pno',9);

/*!40101 SET SQL_MODE=@OLD_SQL_MODE */;
/*!40014 SET FOREIGN_KEY_CHECKS=@OLD_FOREIGN_KEY_CHECKS */;
/*!40014 SET UNIQUE_CHECKS=@OLD_UNIQUE_CHECKS */;
/*!40111 SET SQL_NOTES=@OLD_SQL_NOTES */;
